,exp_id,config_n_nodes,config_n_cycles,config_fraction_max_cycles,n_cycles,n_even_cycles,n_odd_cycles,fraction_odd_cycles,cycle_counting_time_ns,encoding,n_reification_rules,reification_time_ns,semantics,solve_result,n_models,ground_and_solve_time_ns
0,fc88900d-fc58-4fa3-b852-d3689a7ed994,3,1,0.16666666666666666,1,0,1,1.0,2037400,Encoding.NEGATION_WITH_SELF_SUPPORT,41,14798600,Semantics.CLINGO_STABLE,UNSAT,0,1253800
1,fc88900d-fc58-4fa3-b852-d3689a7ed994,3,1,0.16666666666666666,1,0,1,1.0,2037400,Encoding.NEGATION_WITH_SELF_SUPPORT,41,14798600,Semantics.PARTIAL_STABLE_FP,SAT,1,7496900
2,fc88900d-fc58-4fa3-b852-d3689a7ed994,3,1,0.16666666666666666,1,0,1,1.0,2037400,Encoding.NEGATION_WITH_SELF_SUPPORT,41,14798600,Semantics.TOTAL_STABLE_FP,UNSAT,0,5694200
3,fc88900d-fc58-4fa3-b852-d3689a7ed994,3,1,0.16666666666666666,1,0,1,1.0,2037400,Encoding.NEGATION_WITH_SELF_SUPPORT,41,14798600,Semantics.PARTIAL_FP,SAT,11,3177300
4,fc88900d-fc58-4fa3-b852-d3689a7ed994,3,1,0.16666666666666666,1,0,1,1.0,2037400,Encoding.NEGATION_WITH_SELF_SUPPORT,41,14798600,Semantics.TOTAL_FP,SAT,4,8803400
5,fc88900d-fc58-4fa3-b852-d3689a7ed994,3,1,0.16666666666666666,1,0,1,1.0,2037400,Encoding.NEGATION_WITH_SELF_SUPPORT,41,14798600,Semantics.KRIPKE_KLEENE,SAT,1,5141900
6,fc88900d-fc58-4fa3-b852-d3689a7ed994,3,1,0.16666666666666666,1,0,1,1.0,2037400,Encoding.NEGATION_WITH_SELF_SUPPORT,41,14798600,Semantics.WELL_FOUNDED,SAT,1,22550000
7,fc88900d-fc58-4fa3-b852-d3689a7ed994,3,1,0.16666666666666666,1,0,1,1.0,2037400,Encoding.NEGATION_WITHOUT_SELF_SUPPORT,38,1348900,Semantics.CLINGO_STABLE,UNSAT,0,54800
8,fc88900d-fc58-4fa3-b852-d3689a7ed994,3,1,0.16666666666666666,1,0,1,1.0,2037400,Encoding.NEGATION_WITHOUT_SELF_SUPPORT,38,1348900,Semantics.PARTIAL_STABLE_FP,SAT,1,4568400
9,fc88900d-fc58-4fa3-b852-d3689a7ed994,3,1,0.16666666666666666,1,0,1,1.0,2037400,Encoding.NEGATION_WITHOUT_SELF_SUPPORT,38,1348900,Semantics.TOTAL_STABLE_FP,UNSAT,0,4731700
10,fc88900d-fc58-4fa3-b852-d3689a7ed994,3,1,0.16666666666666666,1,0,1,1.0,2037400,Encoding.NEGATION_WITHOUT_SELF_SUPPORT,38,1348900,Semantics.PARTIAL_FP,SAT,1,3099800
11,fc88900d-fc58-4fa3-b852-d3689a7ed994,3,1,0.16666666666666666,1,0,1,1.0,2037400,Encoding.NEGATION_WITHOUT_SELF_SUPPORT,38,1348900,Semantics.TOTAL_FP,UNSAT,0,7098000
12,fc88900d-fc58-4fa3-b852-d3689a7ed994,3,1,0.16666666666666666,1,0,1,1.0,2037400,Encoding.NEGATION_WITHOUT_SELF_SUPPORT,38,1348900,Semantics.KRIPKE_KLEENE,SAT,1,4123300
13,fc88900d-fc58-4fa3-b852-d3689a7ed994,3,1,0.16666666666666666,1,0,1,1.0,2037400,Encoding.NEGATION_WITHOUT_SELF_SUPPORT,38,1348900,Semantics.WELL_FOUNDED,SAT,1,18087300
14,fc88900d-fc58-4fa3-b852-d3689a7ed994,3,1,0.16666666666666666,1,0,1,1.0,2037400,Encoding.COLOURING,212,3780100,Semantics.CLINGO_STABLE,UNSAT,0,118300
15,fc88900d-fc58-4fa3-b852-d3689a7ed994,3,1,0.16666666666666666,1,0,1,1.0,2037400,Encoding.COLOURING,212,3780100,Semantics.PARTIAL_STABLE_FP,SAT,1,49952500
16,fc88900d-fc58-4fa3-b852-d3689a7ed994,3,1,0.16666666666666666,1,0,1,1.0,2037400,Encoding.COLOURING,212,3780100,Semantics.TOTAL_STABLE_FP,UNSAT,0,49687500
17,fc88900d-fc58-4fa3-b852-d3689a7ed994,3,1,0.16666666666666666,1,0,1,1.0,2037400,Encoding.COLOURING,212,3780100,Semantics.PARTIAL_FP,SAT,1,6724200
18,fc88900d-fc58-4fa3-b852-d3689a7ed994,3,1,0.16666666666666666,1,0,1,1.0,2037400,Encoding.COLOURING,212,3780100,Semantics.TOTAL_FP,UNSAT,0,51123200
19,fc88900d-fc58-4fa3-b852-d3689a7ed994,3,1,0.16666666666666666,1,0,1,1.0,2037400,Encoding.COLOURING,212,3780100,Semantics.KRIPKE_KLEENE,SAT,1,53483600
20,fc88900d-fc58-4fa3-b852-d3689a7ed994,3,1,0.16666666666666666,1,0,1,1.0,2037400,Encoding.COLOURING,212,3780100,Semantics.WELL_FOUNDED,SAT,1,4220385800
21,1f4d08fc-e0f7-4b13-9e0a-644a39b40afe,3,2,0.3333333333333333,1,1,0,0.0,990400,Encoding.NEGATION_WITH_SELF_SUPPORT,28,1030100,Semantics.CLINGO_STABLE,SAT,2,71100
22,1f4d08fc-e0f7-4b13-9e0a-644a39b40afe,3,2,0.3333333333333333,1,1,0,0.0,990400,Encoding.NEGATION_WITH_SELF_SUPPORT,28,1030100,Semantics.PARTIAL_STABLE_FP,SAT,3,3906900
23,1f4d08fc-e0f7-4b13-9e0a-644a39b40afe,3,2,0.3333333333333333,1,1,0,0.0,990400,Encoding.NEGATION_WITH_SELF_SUPPORT,28,1030100,Semantics.TOTAL_STABLE_FP,SAT,2,3686300
24,1f4d08fc-e0f7-4b13-9e0a-644a39b40afe,3,2,0.3333333333333333,1,1,0,0.0,990400,Encoding.NEGATION_WITH_SELF_SUPPORT,28,1030100,Semantics.PARTIAL_FP,SAT,6,2142000
25,1f4d08fc-e0f7-4b13-9e0a-644a39b40afe,3,2,0.3333333333333333,1,1,0,0.0,990400,Encoding.NEGATION_WITH_SELF_SUPPORT,28,1030100,Semantics.TOTAL_FP,SAT,3,4932500
26,1f4d08fc-e0f7-4b13-9e0a-644a39b40afe,3,2,0.3333333333333333,1,1,0,0.0,990400,Encoding.NEGATION_WITH_SELF_SUPPORT,28,1030100,Semantics.KRIPKE_KLEENE,SAT,1,2963400
27,1f4d08fc-e0f7-4b13-9e0a-644a39b40afe,3,2,0.3333333333333333,1,1,0,0.0,990400,Encoding.NEGATION_WITH_SELF_SUPPORT,28,1030100,Semantics.WELL_FOUNDED,SAT,1,9527900
28,1f4d08fc-e0f7-4b13-9e0a-644a39b40afe,3,2,0.3333333333333333,1,1,0,0.0,990400,Encoding.NEGATION_WITHOUT_SELF_SUPPORT,26,1105700,Semantics.CLINGO_STABLE,SAT,2,51300
29,1f4d08fc-e0f7-4b13-9e0a-644a39b40afe,3,2,0.3333333333333333,1,1,0,0.0,990400,Encoding.NEGATION_WITHOUT_SELF_SUPPORT,26,1105700,Semantics.PARTIAL_STABLE_FP,SAT,3,3551400
30,1f4d08fc-e0f7-4b13-9e0a-644a39b40afe,3,2,0.3333333333333333,1,1,0,0.0,990400,Encoding.NEGATION_WITHOUT_SELF_SUPPORT,26,1105700,Semantics.TOTAL_STABLE_FP,SAT,2,3476700
31,1f4d08fc-e0f7-4b13-9e0a-644a39b40afe,3,2,0.3333333333333333,1,1,0,0.0,990400,Encoding.NEGATION_WITHOUT_SELF_SUPPORT,26,1105700,Semantics.PARTIAL_FP,SAT,3,2228300
32,1f4d08fc-e0f7-4b13-9e0a-644a39b40afe,3,2,0.3333333333333333,1,1,0,0.0,990400,Encoding.NEGATION_WITHOUT_SELF_SUPPORT,26,1105700,Semantics.TOTAL_FP,SAT,2,5039000
33,1f4d08fc-e0f7-4b13-9e0a-644a39b40afe,3,2,0.3333333333333333,1,1,0,0.0,990400,Encoding.NEGATION_WITHOUT_SELF_SUPPORT,26,1105700,Semantics.KRIPKE_KLEENE,SAT,1,2970700
34,1f4d08fc-e0f7-4b13-9e0a-644a39b40afe,3,2,0.3333333333333333,1,1,0,0.0,990400,Encoding.NEGATION_WITHOUT_SELF_SUPPORT,26,1105700,Semantics.WELL_FOUNDED,SAT,1,8501900
35,1f4d08fc-e0f7-4b13-9e0a-644a39b40afe,3,2,0.3333333333333333,1,1,0,0.0,990400,Encoding.COLOURING,152,2643600,Semantics.CLINGO_STABLE,SAT,2,74000
36,1f4d08fc-e0f7-4b13-9e0a-644a39b40afe,3,2,0.3333333333333333,1,1,0,0.0,990400,Encoding.COLOURING,152,2643600,Semantics.PARTIAL_STABLE_FP,SAT,3,24554800
37,1f4d08fc-e0f7-4b13-9e0a-644a39b40afe,3,2,0.3333333333333333,1,1,0,0.0,990400,Encoding.COLOURING,152,2643600,Semantics.TOTAL_STABLE_FP,SAT,2,23887300
38,1f4d08fc-e0f7-4b13-9e0a-644a39b40afe,3,2,0.3333333333333333,1,1,0,0.0,990400,Encoding.COLOURING,152,2643600,Semantics.PARTIAL_FP,SAT,3,4358900
39,1f4d08fc-e0f7-4b13-9e0a-644a39b40afe,3,2,0.3333333333333333,1,1,0,0.0,990400,Encoding.COLOURING,152,2643600,Semantics.TOTAL_FP,SAT,2,25859700
40,1f4d08fc-e0f7-4b13-9e0a-644a39b40afe,3,2,0.3333333333333333,1,1,0,0.0,990400,Encoding.COLOURING,152,2643600,Semantics.KRIPKE_KLEENE,SAT,1,24610100
41,1f4d08fc-e0f7-4b13-9e0a-644a39b40afe,3,2,0.3333333333333333,1,1,0,0.0,990400,Encoding.COLOURING,152,2643600,Semantics.WELL_FOUNDED,SAT,1,1105792400
42,15dfa4b1-14ae-4e2e-8cc7-3071d28e5a71,3,4,0.6666666666666666,5,3,2,0.4,745800,Encoding.NEGATION_WITH_SELF_SUPPORT,56,1588400,Semantics.CLINGO_STABLE,SAT,3,84300
43,15dfa4b1-14ae-4e2e-8cc7-3071d28e5a71,3,4,0.6666666666666666,5,3,2,0.4,745800,Encoding.NEGATION_WITH_SELF_SUPPORT,56,1588400,Semantics.PARTIAL_STABLE_FP,SAT,4,5537500
44,15dfa4b1-14ae-4e2e-8cc7-3071d28e5a71,3,4,0.6666666666666666,5,3,2,0.4,745800,Encoding.NEGATION_WITH_SELF_SUPPORT,56,1588400,Semantics.TOTAL_STABLE_FP,SAT,3,5099800
45,15dfa4b1-14ae-4e2e-8cc7-3071d28e5a71,3,4,0.6666666666666666,5,3,2,0.4,745800,Encoding.NEGATION_WITH_SELF_SUPPORT,56,1588400,Semantics.PARTIAL_FP,SAT,11,2547800
46,15dfa4b1-14ae-4e2e-8cc7-3071d28e5a71,3,4,0.6666666666666666,5,3,2,0.4,745800,Encoding.NEGATION_WITH_SELF_SUPPORT,56,1588400,Semantics.TOTAL_FP,SAT,4,7672700
47,15dfa4b1-14ae-4e2e-8cc7-3071d28e5a71,3,4,0.6666666666666666,5,3,2,0.4,745800,Encoding.NEGATION_WITH_SELF_SUPPORT,56,1588400,Semantics.KRIPKE_KLEENE,SAT,1,4407700
48,15dfa4b1-14ae-4e2e-8cc7-3071d28e5a71,3,4,0.6666666666666666,5,3,2,0.4,745800,Encoding.NEGATION_WITH_SELF_SUPPORT,56,1588400,Semantics.WELL_FOUNDED,SAT,1,22955800
49,15dfa4b1-14ae-4e2e-8cc7-3071d28e5a71,3,4,0.6666666666666666,5,3,2,0.4,745800,Encoding.NEGATION_WITHOUT_SELF_SUPPORT,53,1934300,Semantics.CLINGO_STABLE,SAT,3,84600
50,15dfa4b1-14ae-4e2e-8cc7-3071d28e5a71,3,4,0.6666666666666666,5,3,2,0.4,745800,Encoding.NEGATION_WITHOUT_SELF_SUPPORT,53,1934300,Semantics.PARTIAL_STABLE_FP,SAT,4,5322600
51,15dfa4b1-14ae-4e2e-8cc7-3071d28e5a71,3,4,0.6666666666666666,5,3,2,0.4,745800,Encoding.NEGATION_WITHOUT_SELF_SUPPORT,53,1934300,Semantics.TOTAL_STABLE_FP,SAT,3,4883500
52,15dfa4b1-14ae-4e2e-8cc7-3071d28e5a71,3,4,0.6666666666666666,5,3,2,0.4,745800,Encoding.NEGATION_WITHOUT_SELF_SUPPORT,53,1934300,Semantics.PARTIAL_FP,SAT,4,2650000
53,15dfa4b1-14ae-4e2e-8cc7-3071d28e5a71,3,4,0.6666666666666666,5,3,2,0.4,745800,Encoding.NEGATION_WITHOUT_SELF_SUPPORT,53,1934300,Semantics.TOTAL_FP,SAT,3,7519700
54,15dfa4b1-14ae-4e2e-8cc7-3071d28e5a71,3,4,0.6666666666666666,5,3,2,0.4,745800,Encoding.NEGATION_WITHOUT_SELF_SUPPORT,53,1934300,Semantics.KRIPKE_KLEENE,SAT,1,4525300
55,15dfa4b1-14ae-4e2e-8cc7-3071d28e5a71,3,4,0.6666666666666666,5,3,2,0.4,745800,Encoding.NEGATION_WITHOUT_SELF_SUPPORT,53,1934300,Semantics.WELL_FOUNDED,SAT,1,22789300
56,15dfa4b1-14ae-4e2e-8cc7-3071d28e5a71,3,4,0.6666666666666666,5,3,2,0.4,745800,Encoding.COLOURING,230,3723500,Semantics.CLINGO_STABLE,UNSAT,0,103100
57,15dfa4b1-14ae-4e2e-8cc7-3071d28e5a71,3,4,0.6666666666666666,5,3,2,0.4,745800,Encoding.COLOURING,230,3723500,Semantics.PARTIAL_STABLE_FP,SAT,13,56318100
58,15dfa4b1-14ae-4e2e-8cc7-3071d28e5a71,3,4,0.6666666666666666,5,3,2,0.4,745800,Encoding.COLOURING,230,3723500,Semantics.TOTAL_STABLE_FP,UNSAT,0,54053000
59,15dfa4b1-14ae-4e2e-8cc7-3071d28e5a71,3,4,0.6666666666666666,5,3,2,0.4,745800,Encoding.COLOURING,230,3723500,Semantics.PARTIAL_FP,SAT,13,5841400
60,15dfa4b1-14ae-4e2e-8cc7-3071d28e5a71,3,4,0.6666666666666666,5,3,2,0.4,745800,Encoding.COLOURING,230,3723500,Semantics.TOTAL_FP,UNSAT,0,57618800
61,15dfa4b1-14ae-4e2e-8cc7-3071d28e5a71,3,4,0.6666666666666666,5,3,2,0.4,745800,Encoding.COLOURING,230,3723500,Semantics.KRIPKE_KLEENE,SAT,1,60849700
62,15dfa4b1-14ae-4e2e-8cc7-3071d28e5a71,3,4,0.6666666666666666,5,3,2,0.4,745800,Encoding.COLOURING,230,3723500,Semantics.WELL_FOUNDED,SAT,1,5100936900
63,6446e4da-122b-40a1-8acb-40160e7d8274,3,8,1.3333333333333333,5,3,2,0.4,866400,Encoding.NEGATION_WITH_SELF_SUPPORT,56,1712900,Semantics.CLINGO_STABLE,SAT,3,78200
64,6446e4da-122b-40a1-8acb-40160e7d8274,3,8,1.3333333333333333,5,3,2,0.4,866400,Encoding.NEGATION_WITH_SELF_SUPPORT,56,1712900,Semantics.PARTIAL_STABLE_FP,SAT,4,5512400
65,6446e4da-122b-40a1-8acb-40160e7d8274,3,8,1.3333333333333333,5,3,2,0.4,866400,Encoding.NEGATION_WITH_SELF_SUPPORT,56,1712900,Semantics.TOTAL_STABLE_FP,SAT,3,5056900
66,6446e4da-122b-40a1-8acb-40160e7d8274,3,8,1.3333333333333333,5,3,2,0.4,866400,Encoding.NEGATION_WITH_SELF_SUPPORT,56,1712900,Semantics.PARTIAL_FP,SAT,11,2553900
67,6446e4da-122b-40a1-8acb-40160e7d8274,3,8,1.3333333333333333,5,3,2,0.4,866400,Encoding.NEGATION_WITH_SELF_SUPPORT,56,1712900,Semantics.TOTAL_FP,SAT,4,8519000
68,6446e4da-122b-40a1-8acb-40160e7d8274,3,8,1.3333333333333333,5,3,2,0.4,866400,Encoding.NEGATION_WITH_SELF_SUPPORT,56,1712900,Semantics.KRIPKE_KLEENE,SAT,1,5054200
69,6446e4da-122b-40a1-8acb-40160e7d8274,3,8,1.3333333333333333,5,3,2,0.4,866400,Encoding.NEGATION_WITH_SELF_SUPPORT,56,1712900,Semantics.WELL_FOUNDED,SAT,1,24221000
70,6446e4da-122b-40a1-8acb-40160e7d8274,3,8,1.3333333333333333,5,3,2,0.4,866400,Encoding.NEGATION_WITHOUT_SELF_SUPPORT,53,1966500,Semantics.CLINGO_STABLE,SAT,3,90400
71,6446e4da-122b-40a1-8acb-40160e7d8274,3,8,1.3333333333333333,5,3,2,0.4,866400,Encoding.NEGATION_WITHOUT_SELF_SUPPORT,53,1966500,Semantics.PARTIAL_STABLE_FP,SAT,4,6339800
72,6446e4da-122b-40a1-8acb-40160e7d8274,3,8,1.3333333333333333,5,3,2,0.4,866400,Encoding.NEGATION_WITHOUT_SELF_SUPPORT,53,1966500,Semantics.TOTAL_STABLE_FP,SAT,3,5037300
73,6446e4da-122b-40a1-8acb-40160e7d8274,3,8,1.3333333333333333,5,3,2,0.4,866400,Encoding.NEGATION_WITHOUT_SELF_SUPPORT,53,1966500,Semantics.PARTIAL_FP,SAT,4,2710200
74,6446e4da-122b-40a1-8acb-40160e7d8274,3,8,1.3333333333333333,5,3,2,0.4,866400,Encoding.NEGATION_WITHOUT_SELF_SUPPORT,53,1966500,Semantics.TOTAL_FP,SAT,3,7346200
75,6446e4da-122b-40a1-8acb-40160e7d8274,3,8,1.3333333333333333,5,3,2,0.4,866400,Encoding.NEGATION_WITHOUT_SELF_SUPPORT,53,1966500,Semantics.KRIPKE_KLEENE,SAT,1,4573500
76,6446e4da-122b-40a1-8acb-40160e7d8274,3,8,1.3333333333333333,5,3,2,0.4,866400,Encoding.NEGATION_WITHOUT_SELF_SUPPORT,53,1966500,Semantics.WELL_FOUNDED,SAT,1,22222000
77,6446e4da-122b-40a1-8acb-40160e7d8274,3,8,1.3333333333333333,5,3,2,0.4,866400,Encoding.COLOURING,230,3945500,Semantics.CLINGO_STABLE,UNSAT,0,104100
78,6446e4da-122b-40a1-8acb-40160e7d8274,3,8,1.3333333333333333,5,3,2,0.4,866400,Encoding.COLOURING,230,3945500,Semantics.PARTIAL_STABLE_FP,SAT,13,56628800
79,6446e4da-122b-40a1-8acb-40160e7d8274,3,8,1.3333333333333333,5,3,2,0.4,866400,Encoding.COLOURING,230,3945500,Semantics.TOTAL_STABLE_FP,UNSAT,0,58287200
80,6446e4da-122b-40a1-8acb-40160e7d8274,3,8,1.3333333333333333,5,3,2,0.4,866400,Encoding.COLOURING,230,3945500,Semantics.PARTIAL_FP,SAT,13,6003300
81,6446e4da-122b-40a1-8acb-40160e7d8274,3,8,1.3333333333333333,5,3,2,0.4,866400,Encoding.COLOURING,230,3945500,Semantics.TOTAL_FP,UNSAT,0,62488800
82,6446e4da-122b-40a1-8acb-40160e7d8274,3,8,1.3333333333333333,5,3,2,0.4,866400,Encoding.COLOURING,230,3945500,Semantics.KRIPKE_KLEENE,SAT,1,60787400
83,6446e4da-122b-40a1-8acb-40160e7d8274,3,8,1.3333333333333333,5,3,2,0.4,866400,Encoding.COLOURING,230,3945500,Semantics.WELL_FOUNDED,SAT,1,4978961100
84,d392cc26-5b66-46f9-9c76-f2cf5acccf4e,6,1,0.001388888888888889,1,0,1,1.0,798300,Encoding.NEGATION_WITH_SELF_SUPPORT,41,1207900,Semantics.CLINGO_STABLE,UNSAT,0,54800
85,d392cc26-5b66-46f9-9c76-f2cf5acccf4e,6,1,0.001388888888888889,1,0,1,1.0,798300,Encoding.NEGATION_WITH_SELF_SUPPORT,41,1207900,Semantics.PARTIAL_STABLE_FP,SAT,1,4937000
86,d392cc26-5b66-46f9-9c76-f2cf5acccf4e,6,1,0.001388888888888889,1,0,1,1.0,798300,Encoding.NEGATION_WITH_SELF_SUPPORT,41,1207900,Semantics.TOTAL_STABLE_FP,UNSAT,0,4707400
87,d392cc26-5b66-46f9-9c76-f2cf5acccf4e,6,1,0.001388888888888889,1,0,1,1.0,798300,Encoding.NEGATION_WITH_SELF_SUPPORT,41,1207900,Semantics.PARTIAL_FP,SAT,11,2540500
88,d392cc26-5b66-46f9-9c76-f2cf5acccf4e,6,1,0.001388888888888889,1,0,1,1.0,798300,Encoding.NEGATION_WITH_SELF_SUPPORT,41,1207900,Semantics.TOTAL_FP,SAT,4,6591000
89,d392cc26-5b66-46f9-9c76-f2cf5acccf4e,6,1,0.001388888888888889,1,0,1,1.0,798300,Encoding.NEGATION_WITH_SELF_SUPPORT,41,1207900,Semantics.KRIPKE_KLEENE,SAT,1,3918200
90,d392cc26-5b66-46f9-9c76-f2cf5acccf4e,6,1,0.001388888888888889,1,0,1,1.0,798300,Encoding.NEGATION_WITH_SELF_SUPPORT,41,1207900,Semantics.WELL_FOUNDED,SAT,1,19439700
91,d392cc26-5b66-46f9-9c76-f2cf5acccf4e,6,1,0.001388888888888889,1,0,1,1.0,798300,Encoding.NEGATION_WITHOUT_SELF_SUPPORT,38,1407400,Semantics.CLINGO_STABLE,UNSAT,0,54300
92,d392cc26-5b66-46f9-9c76-f2cf5acccf4e,6,1,0.001388888888888889,1,0,1,1.0,798300,Encoding.NEGATION_WITHOUT_SELF_SUPPORT,38,1407400,Semantics.PARTIAL_STABLE_FP,SAT,1,4633700
93,d392cc26-5b66-46f9-9c76-f2cf5acccf4e,6,1,0.001388888888888889,1,0,1,1.0,798300,Encoding.NEGATION_WITHOUT_SELF_SUPPORT,38,1407400,Semantics.TOTAL_STABLE_FP,UNSAT,0,4422300
94,d392cc26-5b66-46f9-9c76-f2cf5acccf4e,6,1,0.001388888888888889,1,0,1,1.0,798300,Encoding.NEGATION_WITHOUT_SELF_SUPPORT,38,1407400,Semantics.PARTIAL_FP,SAT,1,2390100
95,d392cc26-5b66-46f9-9c76-f2cf5acccf4e,6,1,0.001388888888888889,1,0,1,1.0,798300,Encoding.NEGATION_WITHOUT_SELF_SUPPORT,38,1407400,Semantics.TOTAL_FP,UNSAT,0,6495000
96,d392cc26-5b66-46f9-9c76-f2cf5acccf4e,6,1,0.001388888888888889,1,0,1,1.0,798300,Encoding.NEGATION_WITHOUT_SELF_SUPPORT,38,1407400,Semantics.KRIPKE_KLEENE,SAT,1,4020900
97,d392cc26-5b66-46f9-9c76-f2cf5acccf4e,6,1,0.001388888888888889,1,0,1,1.0,798300,Encoding.NEGATION_WITHOUT_SELF_SUPPORT,38,1407400,Semantics.WELL_FOUNDED,SAT,1,18220500
98,d392cc26-5b66-46f9-9c76-f2cf5acccf4e,6,1,0.001388888888888889,1,0,1,1.0,798300,Encoding.COLOURING,212,3665000,Semantics.CLINGO_STABLE,UNSAT,0,83300
99,d392cc26-5b66-46f9-9c76-f2cf5acccf4e,6,1,0.001388888888888889,1,0,1,1.0,798300,Encoding.COLOURING,212,3665000,Semantics.PARTIAL_STABLE_FP,SAT,1,51470400
100,d392cc26-5b66-46f9-9c76-f2cf5acccf4e,6,1,0.001388888888888889,1,0,1,1.0,798300,Encoding.COLOURING,212,3665000,Semantics.TOTAL_STABLE_FP,UNSAT,0,51043700
101,d392cc26-5b66-46f9-9c76-f2cf5acccf4e,6,1,0.001388888888888889,1,0,1,1.0,798300,Encoding.COLOURING,212,3665000,Semantics.PARTIAL_FP,SAT,1,5785900
102,d392cc26-5b66-46f9-9c76-f2cf5acccf4e,6,1,0.001388888888888889,1,0,1,1.0,798300,Encoding.COLOURING,212,3665000,Semantics.TOTAL_FP,UNSAT,0,53739600
103,d392cc26-5b66-46f9-9c76-f2cf5acccf4e,6,1,0.001388888888888889,1,0,1,1.0,798300,Encoding.COLOURING,212,3665000,Semantics.KRIPKE_KLEENE,SAT,1,55345300
104,d392cc26-5b66-46f9-9c76-f2cf5acccf4e,6,1,0.001388888888888889,1,0,1,1.0,798300,Encoding.COLOURING,212,3665000,Semantics.WELL_FOUNDED,SAT,1,4744841900
105,2aef496d-98f6-44b3-b7b5-1fc3818e7060,6,2,0.002777777777777778,2,1,1,0.5,809400,Encoding.NEGATION_WITH_SELF_SUPPORT,67,1466900,Semantics.CLINGO_STABLE,UNSAT,0,56800
106,2aef496d-98f6-44b3-b7b5-1fc3818e7060,6,2,0.002777777777777778,2,1,1,0.5,809400,Encoding.NEGATION_WITH_SELF_SUPPORT,67,1466900,Semantics.PARTIAL_STABLE_FP,SAT,3,7677400
107,2aef496d-98f6-44b3-b7b5-1fc3818e7060,6,2,0.002777777777777778,2,1,1,0.5,809400,Encoding.NEGATION_WITH_SELF_SUPPORT,67,1466900,Semantics.TOTAL_STABLE_FP,UNSAT,0,7237900
108,2aef496d-98f6-44b3-b7b5-1fc3818e7060,6,2,0.002777777777777778,2,1,1,0.5,809400,Encoding.NEGATION_WITH_SELF_SUPPORT,67,1466900,Semantics.PARTIAL_FP,SAT,66,3032000
109,2aef496d-98f6-44b3-b7b5-1fc3818e7060,6,2,0.002777777777777778,2,1,1,0.5,809400,Encoding.NEGATION_WITH_SELF_SUPPORT,67,1466900,Semantics.TOTAL_FP,SAT,12,8918600
110,2aef496d-98f6-44b3-b7b5-1fc3818e7060,6,2,0.002777777777777778,2,1,1,0.5,809400,Encoding.NEGATION_WITH_SELF_SUPPORT,67,1466900,Semantics.KRIPKE_KLEENE,SAT,1,6933700
111,2aef496d-98f6-44b3-b7b5-1fc3818e7060,6,2,0.002777777777777778,2,1,1,0.5,809400,Encoding.NEGATION_WITH_SELF_SUPPORT,67,1466900,Semantics.WELL_FOUNDED,SAT,1,68300700
112,2aef496d-98f6-44b3-b7b5-1fc3818e7060,6,2,0.002777777777777778,2,1,1,0.5,809400,Encoding.NEGATION_WITHOUT_SELF_SUPPORT,62,1782300,Semantics.CLINGO_STABLE,UNSAT,0,60900
113,2aef496d-98f6-44b3-b7b5-1fc3818e7060,6,2,0.002777777777777778,2,1,1,0.5,809400,Encoding.NEGATION_WITHOUT_SELF_SUPPORT,62,1782300,Semantics.PARTIAL_STABLE_FP,SAT,3,7307000
114,2aef496d-98f6-44b3-b7b5-1fc3818e7060,6,2,0.002777777777777778,2,1,1,0.5,809400,Encoding.NEGATION_WITHOUT_SELF_SUPPORT,62,1782300,Semantics.TOTAL_STABLE_FP,UNSAT,0,7031400
115,2aef496d-98f6-44b3-b7b5-1fc3818e7060,6,2,0.002777777777777778,2,1,1,0.5,809400,Encoding.NEGATION_WITHOUT_SELF_SUPPORT,62,1782300,Semantics.PARTIAL_FP,SAT,3,3001100
116,2aef496d-98f6-44b3-b7b5-1fc3818e7060,6,2,0.002777777777777778,2,1,1,0.5,809400,Encoding.NEGATION_WITHOUT_SELF_SUPPORT,62,1782300,Semantics.TOTAL_FP,UNSAT,0,9901100
117,2aef496d-98f6-44b3-b7b5-1fc3818e7060,6,2,0.002777777777777778,2,1,1,0.5,809400,Encoding.NEGATION_WITHOUT_SELF_SUPPORT,62,1782300,Semantics.KRIPKE_KLEENE,SAT,1,7957900
118,2aef496d-98f6-44b3-b7b5-1fc3818e7060,6,2,0.002777777777777778,2,1,1,0.5,809400,Encoding.NEGATION_WITHOUT_SELF_SUPPORT,62,1782300,Semantics.WELL_FOUNDED,SAT,1,67186400
119,2aef496d-98f6-44b3-b7b5-1fc3818e7060,6,2,0.002777777777777778,2,1,1,0.5,809400,Encoding.COLOURING,332,4715100,Semantics.CLINGO_STABLE,UNSAT,0,144300
120,2aef496d-98f6-44b3-b7b5-1fc3818e7060,6,2,0.002777777777777778,2,1,1,0.5,809400,Encoding.COLOURING,332,4715100,Semantics.PARTIAL_STABLE_FP,SAT,3,143300900
121,2aef496d-98f6-44b3-b7b5-1fc3818e7060,6,2,0.002777777777777778,2,1,1,0.5,809400,Encoding.COLOURING,332,4715100,Semantics.TOTAL_STABLE_FP,UNSAT,0,141092400
122,2aef496d-98f6-44b3-b7b5-1fc3818e7060,6,2,0.002777777777777778,2,1,1,0.5,809400,Encoding.COLOURING,332,4715100,Semantics.PARTIAL_FP,SAT,3,8897900
123,2aef496d-98f6-44b3-b7b5-1fc3818e7060,6,2,0.002777777777777778,2,1,1,0.5,809400,Encoding.COLOURING,332,4715100,Semantics.TOTAL_FP,UNSAT,0,241896800
124,2aef496d-98f6-44b3-b7b5-1fc3818e7060,6,2,0.002777777777777778,2,1,1,0.5,809400,Encoding.COLOURING,332,4715100,Semantics.KRIPKE_KLEENE,SAT,1,242799700
125,2aef496d-98f6-44b3-b7b5-1fc3818e7060,6,2,0.002777777777777778,2,1,1,0.5,809400,Encoding.COLOURING,332,4715100,Semantics.WELL_FOUNDED,SAT,1,31126292200
126,0d20a598-e717-49f8-aab2-b8e7a3e1507a,6,4,0.005555555555555556,6,3,3,0.5,1123400,Encoding.NEGATION_WITH_SELF_SUPPORT,100,2270500,Semantics.CLINGO_STABLE,SAT,1,105600
127,0d20a598-e717-49f8-aab2-b8e7a3e1507a,6,4,0.005555555555555556,6,3,3,0.5,1123400,Encoding.NEGATION_WITH_SELF_SUPPORT,100,2270500,Semantics.PARTIAL_STABLE_FP,SAT,2,10713500
128,0d20a598-e717-49f8-aab2-b8e7a3e1507a,6,4,0.005555555555555556,6,3,3,0.5,1123400,Encoding.NEGATION_WITH_SELF_SUPPORT,100,2270500,Semantics.TOTAL_STABLE_FP,SAT,1,10846800
129,0d20a598-e717-49f8-aab2-b8e7a3e1507a,6,4,0.005555555555555556,6,3,3,0.5,1123400,Encoding.NEGATION_WITH_SELF_SUPPORT,100,2270500,Semantics.PARTIAL_FP,SAT,117,3724000
130,0d20a598-e717-49f8-aab2-b8e7a3e1507a,6,4,0.005555555555555556,6,3,3,0.5,1123400,Encoding.NEGATION_WITH_SELF_SUPPORT,100,2270500,Semantics.TOTAL_FP,SAT,16,12583300
131,0d20a598-e717-49f8-aab2-b8e7a3e1507a,6,4,0.005555555555555556,6,3,3,0.5,1123400,Encoding.NEGATION_WITH_SELF_SUPPORT,100,2270500,Semantics.KRIPKE_KLEENE,SAT,1,9351200
132,0d20a598-e717-49f8-aab2-b8e7a3e1507a,6,4,0.005555555555555556,6,3,3,0.5,1123400,Encoding.NEGATION_WITH_SELF_SUPPORT,100,2270500,Semantics.WELL_FOUNDED,SAT,1,117593700
133,0d20a598-e717-49f8-aab2-b8e7a3e1507a,6,4,0.005555555555555556,6,3,3,0.5,1123400,Encoding.NEGATION_WITHOUT_SELF_SUPPORT,94,1937000,Semantics.CLINGO_STABLE,SAT,1,76000
134,0d20a598-e717-49f8-aab2-b8e7a3e1507a,6,4,0.005555555555555556,6,3,3,0.5,1123400,Encoding.NEGATION_WITHOUT_SELF_SUPPORT,94,1937000,Semantics.PARTIAL_STABLE_FP,SAT,2,9452800
135,0d20a598-e717-49f8-aab2-b8e7a3e1507a,6,4,0.005555555555555556,6,3,3,0.5,1123400,Encoding.NEGATION_WITHOUT_SELF_SUPPORT,94,1937000,Semantics.TOTAL_STABLE_FP,SAT,1,8578000
136,0d20a598-e717-49f8-aab2-b8e7a3e1507a,6,4,0.005555555555555556,6,3,3,0.5,1123400,Encoding.NEGATION_WITHOUT_SELF_SUPPORT,94,1937000,Semantics.PARTIAL_FP,SAT,2,3025100
137,0d20a598-e717-49f8-aab2-b8e7a3e1507a,6,4,0.005555555555555556,6,3,3,0.5,1123400,Encoding.NEGATION_WITHOUT_SELF_SUPPORT,94,1937000,Semantics.TOTAL_FP,SAT,1,10257800
138,0d20a598-e717-49f8-aab2-b8e7a3e1507a,6,4,0.005555555555555556,6,3,3,0.5,1123400,Encoding.NEGATION_WITHOUT_SELF_SUPPORT,94,1937000,Semantics.KRIPKE_KLEENE,SAT,1,8720200
139,0d20a598-e717-49f8-aab2-b8e7a3e1507a,6,4,0.005555555555555556,6,3,3,0.5,1123400,Encoding.NEGATION_WITHOUT_SELF_SUPPORT,94,1937000,Semantics.WELL_FOUNDED,SAT,1,163726400
140,0d20a598-e717-49f8-aab2-b8e7a3e1507a,6,4,0.005555555555555556,6,3,3,0.5,1123400,Encoding.COLOURING,416,7269800,Semantics.CLINGO_STABLE,UNSAT,0,226900
141,0d20a598-e717-49f8-aab2-b8e7a3e1507a,6,4,0.005555555555555556,6,3,3,0.5,1123400,Encoding.COLOURING,416,7269800,Semantics.PARTIAL_STABLE_FP,SAT,11,360323400
142,0d20a598-e717-49f8-aab2-b8e7a3e1507a,6,4,0.005555555555555556,6,3,3,0.5,1123400,Encoding.COLOURING,416,7269800,Semantics.TOTAL_STABLE_FP,UNSAT,0,308578300
143,0d20a598-e717-49f8-aab2-b8e7a3e1507a,6,4,0.005555555555555556,6,3,3,0.5,1123400,Encoding.COLOURING,416,7269800,Semantics.PARTIAL_FP,SAT,11,14656600
144,0d20a598-e717-49f8-aab2-b8e7a3e1507a,6,4,0.005555555555555556,6,3,3,0.5,1123400,Encoding.COLOURING,416,7269800,Semantics.TOTAL_FP,UNSAT,0,286619600
145,0d20a598-e717-49f8-aab2-b8e7a3e1507a,6,4,0.005555555555555556,6,3,3,0.5,1123400,Encoding.COLOURING,416,7269800,Semantics.KRIPKE_KLEENE,SAT,1,316171100
146,0d20a598-e717-49f8-aab2-b8e7a3e1507a,6,4,0.005555555555555556,6,3,3,0.5,1123400,Encoding.COLOURING,416,7269800,Semantics.WELL_FOUNDED,SAT,1,96545106700
147,a35051c3-3615-425d-a09e-230cca0875f9,6,8,0.011111111111111112,35,20,15,0.42857142857142855,1334200,Encoding.NEGATION_WITH_SELF_SUPPORT,135,2438400,Semantics.CLINGO_STABLE,SAT,4,104600
148,a35051c3-3615-425d-a09e-230cca0875f9,6,8,0.011111111111111112,35,20,15,0.42857142857142855,1334200,Encoding.NEGATION_WITH_SELF_SUPPORT,135,2438400,Semantics.PARTIAL_STABLE_FP,SAT,7,12116900
149,a35051c3-3615-425d-a09e-230cca0875f9,6,8,0.011111111111111112,35,20,15,0.42857142857142855,1334200,Encoding.NEGATION_WITH_SELF_SUPPORT,135,2438400,Semantics.TOTAL_STABLE_FP,SAT,4,13265500
150,a35051c3-3615-425d-a09e-230cca0875f9,6,8,0.011111111111111112,35,20,15,0.42857142857142855,1334200,Encoding.NEGATION_WITH_SELF_SUPPORT,135,2438400,Semantics.PARTIAL_FP,SAT,85,4229800
151,a35051c3-3615-425d-a09e-230cca0875f9,6,8,0.011111111111111112,35,20,15,0.42857142857142855,1334200,Encoding.NEGATION_WITH_SELF_SUPPORT,135,2438400,Semantics.TOTAL_FP,SAT,11,14846300
152,a35051c3-3615-425d-a09e-230cca0875f9,6,8,0.011111111111111112,35,20,15,0.42857142857142855,1334200,Encoding.NEGATION_WITH_SELF_SUPPORT,135,2438400,Semantics.KRIPKE_KLEENE,SAT,1,11095000
153,a35051c3-3615-425d-a09e-230cca0875f9,6,8,0.011111111111111112,35,20,15,0.42857142857142855,1334200,Encoding.NEGATION_WITH_SELF_SUPPORT,135,2438400,Semantics.WELL_FOUNDED,SAT,1,156571100
154,a35051c3-3615-425d-a09e-230cca0875f9,6,8,0.011111111111111112,35,20,15,0.42857142857142855,1334200,Encoding.NEGATION_WITHOUT_SELF_SUPPORT,129,2485500,Semantics.CLINGO_STABLE,SAT,4,107800
155,a35051c3-3615-425d-a09e-230cca0875f9,6,8,0.011111111111111112,35,20,15,0.42857142857142855,1334200,Encoding.NEGATION_WITHOUT_SELF_SUPPORT,129,2485500,Semantics.PARTIAL_STABLE_FP,SAT,7,11490700
156,a35051c3-3615-425d-a09e-230cca0875f9,6,8,0.011111111111111112,35,20,15,0.42857142857142855,1334200,Encoding.NEGATION_WITHOUT_SELF_SUPPORT,129,2485500,Semantics.TOTAL_STABLE_FP,SAT,4,10643400
157,a35051c3-3615-425d-a09e-230cca0875f9,6,8,0.011111111111111112,35,20,15,0.42857142857142855,1334200,Encoding.NEGATION_WITHOUT_SELF_SUPPORT,129,2485500,Semantics.PARTIAL_FP,SAT,7,3556500
158,a35051c3-3615-425d-a09e-230cca0875f9,6,8,0.011111111111111112,35,20,15,0.42857142857142855,1334200,Encoding.NEGATION_WITHOUT_SELF_SUPPORT,129,2485500,Semantics.TOTAL_FP,SAT,4,12762800
159,a35051c3-3615-425d-a09e-230cca0875f9,6,8,0.011111111111111112,35,20,15,0.42857142857142855,1334200,Encoding.NEGATION_WITHOUT_SELF_SUPPORT,129,2485500,Semantics.KRIPKE_KLEENE,SAT,1,10253200
160,a35051c3-3615-425d-a09e-230cca0875f9,6,8,0.011111111111111112,35,20,15,0.42857142857142855,1334200,Encoding.NEGATION_WITHOUT_SELF_SUPPORT,129,2485500,Semantics.WELL_FOUNDED,SAT,1,143250400
161,a35051c3-3615-425d-a09e-230cca0875f9,6,8,0.011111111111111112,35,20,15,0.42857142857142855,1334200,Encoding.COLOURING,458,6167800,Semantics.CLINGO_STABLE,UNSAT,0,112700
162,a35051c3-3615-425d-a09e-230cca0875f9,6,8,0.011111111111111112,35,20,15,0.42857142857142855,1334200,Encoding.COLOURING,458,6167800,Semantics.PARTIAL_STABLE_FP,SAT,23,238218600
163,a35051c3-3615-425d-a09e-230cca0875f9,6,8,0.011111111111111112,35,20,15,0.42857142857142855,1334200,Encoding.COLOURING,458,6167800,Semantics.TOTAL_STABLE_FP,UNSAT,0,231062000
164,a35051c3-3615-425d-a09e-230cca0875f9,6,8,0.011111111111111112,35,20,15,0.42857142857142855,1334200,Encoding.COLOURING,458,6167800,Semantics.PARTIAL_FP,SAT,23,9871700
165,a35051c3-3615-425d-a09e-230cca0875f9,6,8,0.011111111111111112,35,20,15,0.42857142857142855,1334200,Encoding.COLOURING,458,6167800,Semantics.TOTAL_FP,UNSAT,0,247918800
166,a35051c3-3615-425d-a09e-230cca0875f9,6,8,0.011111111111111112,35,20,15,0.42857142857142855,1334200,Encoding.COLOURING,458,6167800,Semantics.KRIPKE_KLEENE,SAT,1,288952300
167,a35051c3-3615-425d-a09e-230cca0875f9,6,8,0.011111111111111112,35,20,15,0.42857142857142855,1334200,Encoding.COLOURING,458,6167800,Semantics.WELL_FOUNDED,SAT,1,112171375000
168,5529085b-1c5c-4327-96b9-ae1544ee8017,9,1,2.7557319223985893e-06,1,0,1,1.0,1335600,Encoding.NEGATION_WITH_SELF_SUPPORT,41,1681900,Semantics.CLINGO_STABLE,UNSAT,0,64900
169,5529085b-1c5c-4327-96b9-ae1544ee8017,9,1,2.7557319223985893e-06,1,0,1,1.0,1335600,Encoding.NEGATION_WITH_SELF_SUPPORT,41,1681900,Semantics.PARTIAL_STABLE_FP,SAT,1,5178900
170,5529085b-1c5c-4327-96b9-ae1544ee8017,9,1,2.7557319223985893e-06,1,0,1,1.0,1335600,Encoding.NEGATION_WITH_SELF_SUPPORT,41,1681900,Semantics.TOTAL_STABLE_FP,UNSAT,0,4585800
171,5529085b-1c5c-4327-96b9-ae1544ee8017,9,1,2.7557319223985893e-06,1,0,1,1.0,1335600,Encoding.NEGATION_WITH_SELF_SUPPORT,41,1681900,Semantics.PARTIAL_FP,SAT,11,2455900
172,5529085b-1c5c-4327-96b9-ae1544ee8017,9,1,2.7557319223985893e-06,1,0,1,1.0,1335600,Encoding.NEGATION_WITH_SELF_SUPPORT,41,1681900,Semantics.TOTAL_FP,SAT,4,6954200
173,5529085b-1c5c-4327-96b9-ae1544ee8017,9,1,2.7557319223985893e-06,1,0,1,1.0,1335600,Encoding.NEGATION_WITH_SELF_SUPPORT,41,1681900,Semantics.KRIPKE_KLEENE,SAT,1,4560400
174,5529085b-1c5c-4327-96b9-ae1544ee8017,9,1,2.7557319223985893e-06,1,0,1,1.0,1335600,Encoding.NEGATION_WITH_SELF_SUPPORT,41,1681900,Semantics.WELL_FOUNDED,SAT,1,22141200
175,5529085b-1c5c-4327-96b9-ae1544ee8017,9,1,2.7557319223985893e-06,1,0,1,1.0,1335600,Encoding.NEGATION_WITHOUT_SELF_SUPPORT,38,2002700,Semantics.CLINGO_STABLE,UNSAT,0,44600
176,5529085b-1c5c-4327-96b9-ae1544ee8017,9,1,2.7557319223985893e-06,1,0,1,1.0,1335600,Encoding.NEGATION_WITHOUT_SELF_SUPPORT,38,2002700,Semantics.PARTIAL_STABLE_FP,SAT,1,4446100
177,5529085b-1c5c-4327-96b9-ae1544ee8017,9,1,2.7557319223985893e-06,1,0,1,1.0,1335600,Encoding.NEGATION_WITHOUT_SELF_SUPPORT,38,2002700,Semantics.TOTAL_STABLE_FP,UNSAT,0,4316000
178,5529085b-1c5c-4327-96b9-ae1544ee8017,9,1,2.7557319223985893e-06,1,0,1,1.0,1335600,Encoding.NEGATION_WITHOUT_SELF_SUPPORT,38,2002700,Semantics.PARTIAL_FP,SAT,1,2296800
179,5529085b-1c5c-4327-96b9-ae1544ee8017,9,1,2.7557319223985893e-06,1,0,1,1.0,1335600,Encoding.NEGATION_WITHOUT_SELF_SUPPORT,38,2002700,Semantics.TOTAL_FP,UNSAT,0,5846700
180,5529085b-1c5c-4327-96b9-ae1544ee8017,9,1,2.7557319223985893e-06,1,0,1,1.0,1335600,Encoding.NEGATION_WITHOUT_SELF_SUPPORT,38,2002700,Semantics.KRIPKE_KLEENE,SAT,1,3749300
181,5529085b-1c5c-4327-96b9-ae1544ee8017,9,1,2.7557319223985893e-06,1,0,1,1.0,1335600,Encoding.NEGATION_WITHOUT_SELF_SUPPORT,38,2002700,Semantics.WELL_FOUNDED,SAT,1,18680700
182,5529085b-1c5c-4327-96b9-ae1544ee8017,9,1,2.7557319223985893e-06,1,0,1,1.0,1335600,Encoding.COLOURING,212,4776700,Semantics.CLINGO_STABLE,UNSAT,0,112100
183,5529085b-1c5c-4327-96b9-ae1544ee8017,9,1,2.7557319223985893e-06,1,0,1,1.0,1335600,Encoding.COLOURING,212,4776700,Semantics.PARTIAL_STABLE_FP,SAT,1,56522800
184,5529085b-1c5c-4327-96b9-ae1544ee8017,9,1,2.7557319223985893e-06,1,0,1,1.0,1335600,Encoding.COLOURING,212,4776700,Semantics.TOTAL_STABLE_FP,UNSAT,0,48077000
185,5529085b-1c5c-4327-96b9-ae1544ee8017,9,1,2.7557319223985893e-06,1,0,1,1.0,1335600,Encoding.COLOURING,212,4776700,Semantics.PARTIAL_FP,SAT,1,5665100
186,5529085b-1c5c-4327-96b9-ae1544ee8017,9,1,2.7557319223985893e-06,1,0,1,1.0,1335600,Encoding.COLOURING,212,4776700,Semantics.TOTAL_FP,UNSAT,0,57690900
187,5529085b-1c5c-4327-96b9-ae1544ee8017,9,1,2.7557319223985893e-06,1,0,1,1.0,1335600,Encoding.COLOURING,212,4776700,Semantics.KRIPKE_KLEENE,SAT,1,54207600
188,5529085b-1c5c-4327-96b9-ae1544ee8017,9,1,2.7557319223985893e-06,1,0,1,1.0,1335600,Encoding.COLOURING,212,4776700,Semantics.WELL_FOUNDED,SAT,1,4166010900
189,7b42cb14-d4f1-4ab9-b047-920a968b4240,9,2,5.5114638447971785e-06,2,0,2,1.0,1017100,Encoding.NEGATION_WITH_SELF_SUPPORT,72,1855400,Semantics.CLINGO_STABLE,UNSAT,0,100100
190,7b42cb14-d4f1-4ab9-b047-920a968b4240,9,2,5.5114638447971785e-06,2,0,2,1.0,1017100,Encoding.NEGATION_WITH_SELF_SUPPORT,72,1855400,Semantics.PARTIAL_STABLE_FP,SAT,1,7549200
191,7b42cb14-d4f1-4ab9-b047-920a968b4240,9,2,5.5114638447971785e-06,2,0,2,1.0,1017100,Encoding.NEGATION_WITH_SELF_SUPPORT,72,1855400,Semantics.TOTAL_STABLE_FP,UNSAT,0,7586500
192,7b42cb14-d4f1-4ab9-b047-920a968b4240,9,2,5.5114638447971785e-06,2,0,2,1.0,1017100,Encoding.NEGATION_WITH_SELF_SUPPORT,72,1855400,Semantics.PARTIAL_FP,SAT,53,3400300
193,7b42cb14-d4f1-4ab9-b047-920a968b4240,9,2,5.5114638447971785e-06,2,0,2,1.0,1017100,Encoding.NEGATION_WITH_SELF_SUPPORT,72,1855400,Semantics.TOTAL_FP,SAT,10,9517500
194,7b42cb14-d4f1-4ab9-b047-920a968b4240,9,2,5.5114638447971785e-06,2,0,2,1.0,1017100,Encoding.NEGATION_WITH_SELF_SUPPORT,72,1855400,Semantics.KRIPKE_KLEENE,SAT,1,6808200
195,7b42cb14-d4f1-4ab9-b047-920a968b4240,9,2,5.5114638447971785e-06,2,0,2,1.0,1017100,Encoding.NEGATION_WITH_SELF_SUPPORT,72,1855400,Semantics.WELL_FOUNDED,SAT,1,67518700
196,7b42cb14-d4f1-4ab9-b047-920a968b4240,9,2,5.5114638447971785e-06,2,0,2,1.0,1017100,Encoding.NEGATION_WITHOUT_SELF_SUPPORT,67,2420500,Semantics.CLINGO_STABLE,UNSAT,0,51500
197,7b42cb14-d4f1-4ab9-b047-920a968b4240,9,2,5.5114638447971785e-06,2,0,2,1.0,1017100,Encoding.NEGATION_WITHOUT_SELF_SUPPORT,67,2420500,Semantics.PARTIAL_STABLE_FP,SAT,1,6966300
198,7b42cb14-d4f1-4ab9-b047-920a968b4240,9,2,5.5114638447971785e-06,2,0,2,1.0,1017100,Encoding.NEGATION_WITHOUT_SELF_SUPPORT,67,2420500,Semantics.TOTAL_STABLE_FP,UNSAT,0,6535500
199,7b42cb14-d4f1-4ab9-b047-920a968b4240,9,2,5.5114638447971785e-06,2,0,2,1.0,1017100,Encoding.NEGATION_WITHOUT_SELF_SUPPORT,67,2420500,Semantics.PARTIAL_FP,SAT,1,2762000
200,7b42cb14-d4f1-4ab9-b047-920a968b4240,9,2,5.5114638447971785e-06,2,0,2,1.0,1017100,Encoding.NEGATION_WITHOUT_SELF_SUPPORT,67,2420500,Semantics.TOTAL_FP,UNSAT,0,7907800
201,7b42cb14-d4f1-4ab9-b047-920a968b4240,9,2,5.5114638447971785e-06,2,0,2,1.0,1017100,Encoding.NEGATION_WITHOUT_SELF_SUPPORT,67,2420500,Semantics.KRIPKE_KLEENE,SAT,1,6399100
202,7b42cb14-d4f1-4ab9-b047-920a968b4240,9,2,5.5114638447971785e-06,2,0,2,1.0,1017100,Encoding.NEGATION_WITHOUT_SELF_SUPPORT,67,2420500,Semantics.WELL_FOUNDED,SAT,1,58041600
203,7b42cb14-d4f1-4ab9-b047-920a968b4240,9,2,5.5114638447971785e-06,2,0,2,1.0,1017100,Encoding.COLOURING,338,4632600,Semantics.CLINGO_STABLE,UNSAT,0,88000
204,7b42cb14-d4f1-4ab9-b047-920a968b4240,9,2,5.5114638447971785e-06,2,0,2,1.0,1017100,Encoding.COLOURING,338,4632600,Semantics.PARTIAL_STABLE_FP,SAT,3,126190300
205,7b42cb14-d4f1-4ab9-b047-920a968b4240,9,2,5.5114638447971785e-06,2,0,2,1.0,1017100,Encoding.COLOURING,338,4632600,Semantics.TOTAL_STABLE_FP,UNSAT,0,122255000
206,7b42cb14-d4f1-4ab9-b047-920a968b4240,9,2,5.5114638447971785e-06,2,0,2,1.0,1017100,Encoding.COLOURING,338,4632600,Semantics.PARTIAL_FP,SAT,3,7468900
207,7b42cb14-d4f1-4ab9-b047-920a968b4240,9,2,5.5114638447971785e-06,2,0,2,1.0,1017100,Encoding.COLOURING,338,4632600,Semantics.TOTAL_FP,UNSAT,0,127410100
208,7b42cb14-d4f1-4ab9-b047-920a968b4240,9,2,5.5114638447971785e-06,2,0,2,1.0,1017100,Encoding.COLOURING,338,4632600,Semantics.KRIPKE_KLEENE,SAT,1,150279300
209,7b42cb14-d4f1-4ab9-b047-920a968b4240,9,2,5.5114638447971785e-06,2,0,2,1.0,1017100,Encoding.COLOURING,338,4632600,Semantics.WELL_FOUNDED,SAT,1,31262741400
210,a5ac136b-cc33-4fe9-a299-7aba74f8b1de,9,4,1.1022927689594357e-05,3,2,1,0.3333333333333333,1146900,Encoding.NEGATION_WITH_SELF_SUPPORT,93,2318300,Semantics.CLINGO_STABLE,UNSAT,0,56000
211,a5ac136b-cc33-4fe9-a299-7aba74f8b1de,9,4,1.1022927689594357e-05,3,2,1,0.3333333333333333,1146900,Encoding.NEGATION_WITH_SELF_SUPPORT,93,2318300,Semantics.PARTIAL_STABLE_FP,SAT,9,14389800
212,a5ac136b-cc33-4fe9-a299-7aba74f8b1de,9,4,1.1022927689594357e-05,3,2,1,0.3333333333333333,1146900,Encoding.NEGATION_WITH_SELF_SUPPORT,93,2318300,Semantics.TOTAL_STABLE_FP,UNSAT,0,11640800
213,a5ac136b-cc33-4fe9-a299-7aba74f8b1de,9,4,1.1022927689594357e-05,3,2,1,0.3333333333333333,1146900,Encoding.NEGATION_WITH_SELF_SUPPORT,93,2318300,Semantics.PARTIAL_FP,SAT,396,3900900
214,a5ac136b-cc33-4fe9-a299-7aba74f8b1de,9,4,1.1022927689594357e-05,3,2,1,0.3333333333333333,1146900,Encoding.NEGATION_WITH_SELF_SUPPORT,93,2318300,Semantics.TOTAL_FP,SAT,36,13082100
215,a5ac136b-cc33-4fe9-a299-7aba74f8b1de,9,4,1.1022927689594357e-05,3,2,1,0.3333333333333333,1146900,Encoding.NEGATION_WITH_SELF_SUPPORT,93,2318300,Semantics.KRIPKE_KLEENE,SAT,1,10137300
216,a5ac136b-cc33-4fe9-a299-7aba74f8b1de,9,4,1.1022927689594357e-05,3,2,1,0.3333333333333333,1146900,Encoding.NEGATION_WITH_SELF_SUPPORT,93,2318300,Semantics.WELL_FOUNDED,SAT,1,168781200
217,a5ac136b-cc33-4fe9-a299-7aba74f8b1de,9,4,1.1022927689594357e-05,3,2,1,0.3333333333333333,1146900,Encoding.NEGATION_WITHOUT_SELF_SUPPORT,86,1961400,Semantics.CLINGO_STABLE,UNSAT,0,46800
218,a5ac136b-cc33-4fe9-a299-7aba74f8b1de,9,4,1.1022927689594357e-05,3,2,1,0.3333333333333333,1146900,Encoding.NEGATION_WITHOUT_SELF_SUPPORT,86,1961400,Semantics.PARTIAL_STABLE_FP,SAT,9,9746100
219,a5ac136b-cc33-4fe9-a299-7aba74f8b1de,9,4,1.1022927689594357e-05,3,2,1,0.3333333333333333,1146900,Encoding.NEGATION_WITHOUT_SELF_SUPPORT,86,1961400,Semantics.TOTAL_STABLE_FP,UNSAT,0,8757700
220,a5ac136b-cc33-4fe9-a299-7aba74f8b1de,9,4,1.1022927689594357e-05,3,2,1,0.3333333333333333,1146900,Encoding.NEGATION_WITHOUT_SELF_SUPPORT,86,1961400,Semantics.PARTIAL_FP,SAT,9,2935300
221,a5ac136b-cc33-4fe9-a299-7aba74f8b1de,9,4,1.1022927689594357e-05,3,2,1,0.3333333333333333,1146900,Encoding.NEGATION_WITHOUT_SELF_SUPPORT,86,1961400,Semantics.TOTAL_FP,UNSAT,0,10644700
222,a5ac136b-cc33-4fe9-a299-7aba74f8b1de,9,4,1.1022927689594357e-05,3,2,1,0.3333333333333333,1146900,Encoding.NEGATION_WITHOUT_SELF_SUPPORT,86,1961400,Semantics.KRIPKE_KLEENE,SAT,1,9496100
223,a5ac136b-cc33-4fe9-a299-7aba74f8b1de,9,4,1.1022927689594357e-05,3,2,1,0.3333333333333333,1146900,Encoding.NEGATION_WITHOUT_SELF_SUPPORT,86,1961400,Semantics.WELL_FOUNDED,SAT,1,140874300
224,a5ac136b-cc33-4fe9-a299-7aba74f8b1de,9,4,1.1022927689594357e-05,3,2,1,0.3333333333333333,1146900,Encoding.COLOURING,452,6034200,Semantics.CLINGO_STABLE,UNSAT,0,116800
225,a5ac136b-cc33-4fe9-a299-7aba74f8b1de,9,4,1.1022927689594357e-05,3,2,1,0.3333333333333333,1146900,Encoding.COLOURING,452,6034200,Semantics.PARTIAL_STABLE_FP,SAT,9,255112500
226,a5ac136b-cc33-4fe9-a299-7aba74f8b1de,9,4,1.1022927689594357e-05,3,2,1,0.3333333333333333,1146900,Encoding.COLOURING,452,6034200,Semantics.TOTAL_STABLE_FP,UNSAT,0,247227700
227,a5ac136b-cc33-4fe9-a299-7aba74f8b1de,9,4,1.1022927689594357e-05,3,2,1,0.3333333333333333,1146900,Encoding.COLOURING,452,6034200,Semantics.PARTIAL_FP,SAT,9,9677300
228,a5ac136b-cc33-4fe9-a299-7aba74f8b1de,9,4,1.1022927689594357e-05,3,2,1,0.3333333333333333,1146900,Encoding.COLOURING,452,6034200,Semantics.TOTAL_FP,UNSAT,0,258259600
229,a5ac136b-cc33-4fe9-a299-7aba74f8b1de,9,4,1.1022927689594357e-05,3,2,1,0.3333333333333333,1146900,Encoding.COLOURING,452,6034200,Semantics.KRIPKE_KLEENE,SAT,1,302813700
230,a5ac136b-cc33-4fe9-a299-7aba74f8b1de,9,4,1.1022927689594357e-05,3,2,1,0.3333333333333333,1146900,Encoding.COLOURING,452,6034200,Semantics.WELL_FOUNDED,SAT,1,214641186800
231,62959208-bd3a-42d2-b9dc-efcfd20f7362,9,8,2.2045855379188714e-05,15,6,9,0.6,1697400,Encoding.NEGATION_WITH_SELF_SUPPORT,146,2759000,Semantics.CLINGO_STABLE,SAT,1,93100
232,62959208-bd3a-42d2-b9dc-efcfd20f7362,9,8,2.2045855379188714e-05,15,6,9,0.6,1697400,Encoding.NEGATION_WITH_SELF_SUPPORT,146,2759000,Semantics.PARTIAL_STABLE_FP,SAT,2,17755700
233,62959208-bd3a-42d2-b9dc-efcfd20f7362,9,8,2.2045855379188714e-05,15,6,9,0.6,1697400,Encoding.NEGATION_WITH_SELF_SUPPORT,146,2759000,Semantics.TOTAL_STABLE_FP,SAT,1,16956000
234,62959208-bd3a-42d2-b9dc-efcfd20f7362,9,8,2.2045855379188714e-05,15,6,9,0.6,1697400,Encoding.NEGATION_WITH_SELF_SUPPORT,146,2759000,Semantics.PARTIAL_FP,SAT,438,4927600
235,62959208-bd3a-42d2-b9dc-efcfd20f7362,9,8,2.2045855379188714e-05,15,6,9,0.6,1697400,Encoding.NEGATION_WITH_SELF_SUPPORT,146,2759000,Semantics.TOTAL_FP,SAT,29,18151200
236,62959208-bd3a-42d2-b9dc-efcfd20f7362,9,8,2.2045855379188714e-05,15,6,9,0.6,1697400,Encoding.NEGATION_WITH_SELF_SUPPORT,146,2759000,Semantics.KRIPKE_KLEENE,SAT,1,15731200
237,62959208-bd3a-42d2-b9dc-efcfd20f7362,9,8,2.2045855379188714e-05,15,6,9,0.6,1697400,Encoding.NEGATION_WITH_SELF_SUPPORT,146,2759000,Semantics.WELL_FOUNDED,SAT,1,403433400
238,62959208-bd3a-42d2-b9dc-efcfd20f7362,9,8,2.2045855379188714e-05,15,6,9,0.6,1697400,Encoding.NEGATION_WITHOUT_SELF_SUPPORT,138,2686900,Semantics.CLINGO_STABLE,SAT,1,82700
239,62959208-bd3a-42d2-b9dc-efcfd20f7362,9,8,2.2045855379188714e-05,15,6,9,0.6,1697400,Encoding.NEGATION_WITHOUT_SELF_SUPPORT,138,2686900,Semantics.PARTIAL_STABLE_FP,SAT,2,14956700
240,62959208-bd3a-42d2-b9dc-efcfd20f7362,9,8,2.2045855379188714e-05,15,6,9,0.6,1697400,Encoding.NEGATION_WITHOUT_SELF_SUPPORT,138,2686900,Semantics.TOTAL_STABLE_FP,SAT,1,13448700
241,62959208-bd3a-42d2-b9dc-efcfd20f7362,9,8,2.2045855379188714e-05,15,6,9,0.6,1697400,Encoding.NEGATION_WITHOUT_SELF_SUPPORT,138,2686900,Semantics.PARTIAL_FP,SAT,2,3678700
242,62959208-bd3a-42d2-b9dc-efcfd20f7362,9,8,2.2045855379188714e-05,15,6,9,0.6,1697400,Encoding.NEGATION_WITHOUT_SELF_SUPPORT,138,2686900,Semantics.TOTAL_FP,SAT,1,16258700
243,62959208-bd3a-42d2-b9dc-efcfd20f7362,9,8,2.2045855379188714e-05,15,6,9,0.6,1697400,Encoding.NEGATION_WITHOUT_SELF_SUPPORT,138,2686900,Semantics.KRIPKE_KLEENE,SAT,1,14872800
244,62959208-bd3a-42d2-b9dc-efcfd20f7362,9,8,2.2045855379188714e-05,15,6,9,0.6,1697400,Encoding.NEGATION_WITHOUT_SELF_SUPPORT,138,2686900,Semantics.WELL_FOUNDED,SAT,1,347950700
245,62959208-bd3a-42d2-b9dc-efcfd20f7362,9,8,2.2045855379188714e-05,15,6,9,0.6,1697400,Encoding.COLOURING,560,8230300,Semantics.CLINGO_STABLE,UNSAT,0,158900
246,62959208-bd3a-42d2-b9dc-efcfd20f7362,9,8,2.2045855379188714e-05,15,6,9,0.6,1697400,Encoding.COLOURING,560,8230300,Semantics.PARTIAL_STABLE_FP,SAT,5,535759800
247,62959208-bd3a-42d2-b9dc-efcfd20f7362,9,8,2.2045855379188714e-05,15,6,9,0.6,1697400,Encoding.COLOURING,560,8230300,Semantics.TOTAL_STABLE_FP,UNSAT,0,584764900
248,62959208-bd3a-42d2-b9dc-efcfd20f7362,9,8,2.2045855379188714e-05,15,6,9,0.6,1697400,Encoding.COLOURING,560,8230300,Semantics.PARTIAL_FP,SAT,5,19248000
249,62959208-bd3a-42d2-b9dc-efcfd20f7362,9,8,2.2045855379188714e-05,15,6,9,0.6,1697400,Encoding.COLOURING,560,8230300,Semantics.TOTAL_FP,UNSAT,0,781154400
250,62959208-bd3a-42d2-b9dc-efcfd20f7362,9,8,2.2045855379188714e-05,15,6,9,0.6,1697400,Encoding.COLOURING,560,8230300,Semantics.KRIPKE_KLEENE,SAT,1,735967800
251,62959208-bd3a-42d2-b9dc-efcfd20f7362,9,8,2.2045855379188714e-05,15,6,9,0.6,1697400,Encoding.COLOURING,560,8230300,Semantics.WELL_FOUNDED,SAT,1,1149392728200
